Global_Step,Curriculum_Lvl,Dist_to_Target,Reward,Terminated,Table_Collision,Self_Collision,J1_Pos,J2_Pos,J3_Pos,J4_Pos,J5_Pos,J6_Pos,J1_Vel,J2_Vel,J3_Vel,J4_Vel,J5_Vel,J6_Vel,Gripper_Pos,EE_X,EE_Y,EE_Z,Target_X,Target_Y,Target_Z,Handoff_X,Handoff_Y,Handoff_Z,Handoff_OK,Act_J1,Act_J2,Act_J3,Act_J4,Act_J5,Act_J6,Act_Gripper,Phase,Goal_X,Goal_Y,Goal_Z,Transport_X,Transport_Y,Transport_Z,Transport_OK,Placement_Error_M,Standoff_M,Spawn_Radius_M,Contact_Detected,GT_X,GT_Y,GT_Z,Perception_Error_M
1,0.0,0.2457,-5.0760,True,False,False,0.6817,4.7287,0.7818,-1.5944,-0.7647,0.8109,0.0823,0.1369,0.0000,0.0000,0.0000,0.0000,0.0200,0.1740,0.5710,0.7980,0.2954,0.4198,0.9488,0.0000,0.0000,0.0000,False,-0.0416,0.0385,-0.0564,0.0302,-0.0047,0.0115,2.6891,grasp,0.2954,0.4198,0.9488,0.0000,0.0000,0.0000,False,,0.0500,0.0000,True,0.8020,-0.2600,0.0100,1.2650
2,0.0,0.2044,-0.0832,False,False,False,1.4854,4.7119,1.4933,-1.8238,-1.2496,0.3253,-0.2559,-0.0198,-0.2550,-0.2453,-0.0833,-0.0789,0.1001,-0.1764,0.5844,0.3954,-0.0648,0.6469,0.5549,0.0000,0.0000,0.0000,False,-0.0468,-0.0062,-0.0525,-0.0752,-0.0323,-0.0311,1.5220,grasp,-0.0648,0.6469,0.5549,0.0000,0.0000,0.0000,False,,0.0500,0.0000,True,0.8020,-0.2600,0.0100,1.3678
3,0.0,0.1976,-0.0082,False,False,False,1.4829,4.7115,1.4905,-1.8275,-1.2512,0.3239,0.0656,-0.0122,0.0335,-0.0751,-0.0643,-0.0396,0.1409,-0.1712,0.5914,0.3978,-0.0648,0.6469,0.5549,0.0000,0.0000,0.0000,False,0.0609,-0.0124,0.0288,-0.0780,-0.0653,-0.0405,-1.3007,grasp,-0.0648,0.6469,0.5549,0.0000,0.0000,0.0000,False,,0.0500,0.0000,False,0.8020,-0.2600,0.0100,1.3678
4,0.0,0.1329,0.0493,False,False,False,1.4829,4.7115,1.4905,-1.8275,-1.2512,0.3239,0.0656,-0.0122,0.0335,-0.0751,-0.0643,-0.0396,0.1409,-0.1712,0.5914,0.3978,-0.1253,0.6252,0.5180,0.0000,0.0000,0.0000,False,0.0780,-0.0117,0.0623,-0.0562,0.0688,0.0394,-1.4213,grasp,-0.1253,0.6252,0.5180,0.0000,0.0000,0.0000,False,,0.0500,0.0000,False,0.8020,-0.2600,0.0100,1.3678
5,0.0,0.1329,-0.0022,False,False,False,1.4842,4.7113,1.4911,-1.8289,-1.2524,0.3232,-0.0000,0.0000,0.0000,0.0000,-0.0000,0.0000,0.1387,-0.1712,0.5914,0.3978,-0.1253,0.6252,0.5180,0.0000,0.0000,0.0000,False,0.0165,-0.0618,-0.0764,-0.0350,-0.0286,-0.0625,-2.8641,grasp,-0.1253,0.6252,0.5180,0.0000,0.0000,0.0000,False,,0.0500,0.0000,False,0.8020,-0.2600,0.0100,1.3678
6,0.0,0.1306,-0.0048,False,False,False,1.4846,4.7104,1.4884,-1.8300,-1.2535,0.3219,-0.0043,0.0646,-0.0323,-0.0070,-0.0214,0.0302,0.0962,-0.1716,0.5912,0.4007,-0.1253,0.6252,0.5180,0.0000,0.0000,0.0000,False,-0.0018,0.0315,-0.0192,-0.0046,-0.0120,0.0141,-2.8692,grasp,-0.1253,0.6252,0.5180,0.0000,0.0000,0.0000,False,,0.0500,0.0000,False,0.8020,-0.2600,0.0100,1.3678
7,0.0,0.1303,-0.0084,False,False,False,1.4843,4.7116,1.4879,-1.8305,-1.2546,0.3223,-0.0150,0.0233,-0.0041,-0.0378,-0.0781,0.0035,0.1301,-0.1712,0.5917,0.4006,-0.1253,0.6252,0.5180,0.0000,0.0000,0.0000,False,-0.0151,0.0245,-0.0046,-0.0379,-0.0784,0.0039,0.1081,grasp,-0.1253,0.6252,0.5180,0.0000,0.0000,0.0000,False,,0.0500,0.0000,True,0.8020,-0.2600,0.0100,1.3678
8,0.0,0.1224,0.0005,False,False,False,1.4843,4.7116,1.4879,-1.8305,-1.2546,0.3223,-0.0150,0.0233,-0.0041,-0.0378,-0.0781,0.0035,0.1301,-0.1712,0.5917,0.4006,-0.1294,0.6305,0.5090,0.0000,0.0000,0.0000,False,0.0262,-0.0289,-0.0789,0.0100,-0.0506,-0.0299,2.4195,grasp,-0.1294,0.6305,0.5090,0.0000,0.0000,0.0000,False,,0.0500,0.0000,True,0.8020,-0.2600,0.0100,1.3678
9,0.0,0.1224,-0.0151,False,False,False,1.4847,4.7114,1.4873,-1.8309,-1.2559,0.3218,0.0628,-0.0687,-0.0492,0.0227,0.0265,-0.0581,0.1898,-0.1712,0.5917,0.4006,-0.1294,0.6305,0.5090,0.0000,0.0000,0.0000,False,0.0625,-0.0682,-0.0493,0.0220,0.0250,-0.0581,3.0082,grasp,-0.1294,0.6305,0.5090,0.0000,0.0000,0.0000,False,,0.0500,0.0000,True,0.8020,-0.2600,0.0100,1.3678
10,0.0,0.1253,-0.0301,False,False,False,1.4859,4.7112,1.4867,-1.8327,-1.2576,0.3228,-0.0012,0.0831,0.0234,-0.1412,-0.1446,0.1388,0.2697,-0.1730,0.5934,0.3976,-0.1294,0.6305,0.5090,0.0000,0.0000,0.0000,False,0.0006,0.0416,0.0114,-0.0739,-0.0756,0.0720,1.4852,grasp,-0.1294,0.6305,0.5090,0.0000,0.0000,0.0000,False,,0.0500,0.0000,True,0.8020,-0.2600,0.0100,1.3678
11,0.0,0.1291,-0.0197,False,False,False,1.4855,4.7132,1.4867,-1.8343,-1.2601,0.3253,-0.0325,0.0742,-0.0367,0.0410,-0.0510,0.0523,0.3293,-0.1729,0.5963,0.3924,-0.1294,0.6305,0.5090,0.0000,0.0000,0.0000,False,-0.0325,0.0765,-0.0364,0.0389,-0.0530,0.0543,0.8968,grasp,-0.1294,0.6305,0.5090,0.0000,0.0000,0.0000,False,,0.0500,0.0000,True,0.8020,-0.2600,0.0100,1.3678
12,0.0,0.1395,-0.0242,False,False,False,1.4855,4.7132,1.4867,-1.8343,-1.2601,0.3253,-0.0325,0.0742,-0.0367,0.0410,-0.0510,0.0523,0.3293,-0.1729,0.5963,0.3924,-0.1267,0.6209,0.5217,0.0000,0.0000,0.0000,False,-0.0449,0.0741,-0.0215,0.0480,-0.0763,0.0772,0.4111,grasp,-0.1267,0.6209,0.5217,0.0000,0.0000,0.0000,False,,0.0500,0.0000,False,0.8020,-0.2600,0.0100,1.3678
13,0.0,0.1395,-0.0075,False,False,False,1.4850,4.7148,1.4862,-1.8331,-1.2613,0.3262,0.0120,0.0034,0.0154,0.0352,-0.0225,-0.0132,0.3888,-0.1729,0.5963,0.3924,-0.1267,0.6209,0.5217,0.0000,0.0000,0.0000,False,0.0114,0.0061,0.0147,0.0360,-0.0235,-0.0122,2.6815,grasp,-0.1267,0.6209,0.5217,0.0000,0.0000,0.0000,False,,0.0500,0.0000,True,0.8020,-0.2600,0.0100,1.3678
14,0.0,0.1435,-0.0323,False,False,False,1.4869,4.7146,1.4846,-1.8324,-1.2637,0.3241,0.1088,-0.0154,-0.1225,0.0031,-0.1253,-0.1200,0.4687,-0.1728,0.5977,0.3878,-0.1267,0.6209,0.5217,0.0000,0.0000,0.0000,False,0.0575,-0.0080,-0.0642,0.0023,-0.0664,-0.0634,-0.3792,grasp,-0.1267,0.6209,0.5217,0.0000,0.0000,0.0000,False,,0.0500,0.0000,False,0.8020,-0.2600,0.0100,1.3678
15,0.0,0.1437,-0.0052,False,False,False,1.4881,4.7144,1.4829,-1.8325,-1.2657,0.3219,-0.0325,-0.0011,0.0068,-0.0154,-0.0277,-0.0475,0.4938,-0.1742,0.5985,0.3880,-0.1267,0.6209,0.5217,0.0000,0.0000,0.0000,False,-0.0308,-0.0018,0.0051,-0.0154,-0.0295,-0.0492,0.8550,grasp,-0.1267,0.6209,0.5217,0.0000,0.0000,0.0000,False,,0.0500,0.0000,False,0.8020,-0.2600,0.0100,1.3678
16,0.0,0.1437,-0.0075,False,False,False,1.4881,4.7144,1.4829,-1.8325,-1.2657,0.3219,-0.0325,-0.0011,0.0068,-0.0154,-0.0277,-0.0475,0.4938,-0.1742,0.5985,0.3880,-0.1267,0.6209,0.5217,0.0000,0.0000,0.0000,False,0.0181,-0.0581,0.0441,-0.0766,0.0203,0.0009,-0.8194,grasp,-0.1267,0.6209,0.5217,0.0000,0.0000,0.0000,False,,0.0500,0.0000,False,0.8020,-0.2600,0.0100,1.3678
17,0.0,0.1437,-0.0139,False,False,False,1.4880,4.7139,1.4823,-1.8327,-1.2656,0.3205,0.0517,-0.0464,-0.0684,0.0117,0.0627,-0.0510,0.4553,-0.1742,0.5985,0.3880,-0.1267,0.6209,0.5217,0.0000,0.0000,0.0000,False,0.0511,-0.0464,-0.0683,0.0114,0.0622,-0.0519,-2.2297,grasp,-0.1267,0.6209,0.5217,0.0000,0.0000,0.0000,False,,0.0500,0.0000,False,0.8020,-0.2600,0.0100,1.3678
18,0.0,0.1410,-0.0153,False,False,False,1.4900,4.7121,1.4795,-1.8316,-1.2640,0.3188,0.0666,-0.0588,-0.0981,0.0585,0.0294,-0.0510,0.4287,-0.1745,0.5980,0.3911,-0.1267,0.6209,0.5217,0.0000,0.0000,0.0000,False,0.0360,-0.0323,-0.0530,0.0310,0.0167,-0.0278,0.0861,grasp,-0.1267,0.6209,0.5217,0.0000,0.0000,0.0000,False,,0.0500,0.0000,False,0.8020,-0.2600,0.0100,1.3678
19,0.0,0.1385,-0.0001,False,False,False,1.4910,4.7111,1.4781,-1.8308,-1.2636,0.3180,-0.0000,0.0000,0.0000,0.0000,-0.0000,0.0000,0.4069,-0.1757,0.5971,0.3944,-0.1267,0.6209,0.5217,0.0000,0.0000,0.0000,False,0.0576,-0.0622,-0.0386,0.0362,0.0761,0.0268,-2.9868,grasp,-0.1267,0.6209,0.5217,0.0000,0.0000,0.0000,False,,0.0500,0.0000,False,0.8020,-0.2600,0.0100,1.3678
20,0.0,0.1385,-0.0016,False,False,False,1.4910,4.7111,1.4781,-1.8308,-1.2636,0.3180,-0.0000,0.0000,0.0000,0.0000,-0.0000,0.0000,0.4069,-0.1757,0.5971,0.3944,-0.1267,0.6209,0.5217,0.0000,0.0000,0.0000,False,0.0448,-0.0652,-0.0730,-0.0181,-0.0080,0.0481,1.9536,grasp,-0.1267,0.6209,0.5217,0.0000,0.0000,0.0000,False,,0.0500,0.0000,True,0.8020,-0.2600,0.0100,1.3678
21,0.0,0.1385,-0.0315,False,False,False,1.4900,4.7150,1.4745,-1.8290,-1.2644,0.3190,-0.0733,0.2181,-0.1561,0.0700,-0.0782,0.0321,0.3786,-0.1757,0.5971,0.3944,-0.1267,0.6209,0.5217,0.0000,0.0000,0.0000,False,-0.0265,0.0798,-0.0580,0.0262,-0.0281,0.0121,-0.2926,grasp,-0.1267,0.6209,0.5217,0.0000,0.0000,0.0000,False,,0.0500,0.0000,False,0.8020,-0.2600,0.0100,1.3678
22,0.0,0.1378,-0.0100,False,False,False,1.4896,4.7184,1.4726,-1.8287,-1.2652,0.3198,0.0468,0.0202,0.0050,-0.0602,0.0248,0.0451,0.3798,-0.1746,0.5981,0.3945,-0.1267,0.6209,0.5217,0.0000,0.0000,0.0000,False,0.0458,0.0272,0.0030,-0.0593,0.0238,0.0455,-0.0678,grasp,-0.1267,0.6209,0.5217,0.0000,0.0000,0.0000,False,,0.0500,0.0000,False,0.8020,-0.2600,0.0100,1.3678
23,0.0,0.1380,-0.0020,False,False,False,1.4905,4.7188,1.4727,-1.8298,-1.2647,0.3207,-0.0000,0.0000,0.0000,0.0000,-0.0000,0.0000,0.3609,-0.1745,0.5993,0.3940,-0.1267,0.6209,0.5217,0.0000,0.0000,0.0000,False,-0.0496,0.0737,-0.0165,0.0566,-0.0653,-0.0498,-3.0456,grasp,-0.1267,0.6209,0.5217,0.0000,0.0000,0.0000,False,,0.0500,0.0000,False,0.8020,-0.2600,0.0100,1.3678
24,0.0,nan,nan,False,False,False,1.4905,4.7188,1.4727,-1.8298,-1.2647,0.3207,-0.0000,0.0000,0.0000,0.0000,-0.0000,0.0000,0.3609,-0.1745,0.5993,0.3940,nan,nan,nan,0.0000,0.0000,0.0000,False,-0.0181,-0.0615,-0.0531,-0.0207,0.0320,0.0724,-1.6339,grasp,nan,nan,nan,0.0000,0.0000,0.0000,False,,0.0500,0.0000,False,0.8020,-0.2600,0.0100,1.3678
25,0.0,nan,nan,False,False,False,1.4911,4.7222,1.4729,-1.8265,-1.2602,0.3103,0.0364,0.0828,0.0100,0.0860,0.1596,-0.3082,0.2699,-0.1742,0.5984,0.3951,nan,nan,nan,0.0000,0.0000,0.0000,False,0.0084,0.0210,0.0023,0.0216,0.0383,-0.0758,-1.6546,grasp,nan,nan,nan,0.0000,0.0000,0.0000,False,,0.0500,0.0000,False,0.8020,-0.2600,0.0100,1.3678
26,0.0,nan,nan,False,False,False,1.4915,4.7232,1.4730,-1.8255,-1.2584,0.3068,0.0417,0.0948,0.0114,0.0984,0.1826,-0.3527,0.2618,-0.1742,0.5984,0.3951,nan,nan,nan,0.0000,0.0000,0.0000,False,0.0075,-0.0693,0.0643,0.0299,-0.0267,-0.0223,2.0534,grasp,nan,nan,nan,0.0000,0.0000,0.0000,False,,0.0500,0.0000,True,0.8020,-0.2600,0.0100,1.3678
27,0.0,nan,nan,False,False,False,1.4915,4.7232,1.4730,-1.8255,-1.2584,0.3068,0.0000,0.0000,0.0000,0.0000,-0.0000,0.0000,0.3018,-0.1763,0.5983,0.3930,nan,nan,nan,0.0000,0.0000,0.0000,False,-0.0373,-0.0448,-0.0355,0.0426,-0.0508,-0.0104,2.8034,grasp,nan,nan,nan,0.0000,0.0000,0.0000,False,,0.0500,0.0000,True,0.8020,-0.2600,0.0100,1.3678
28,0.0,nan,nan,False,False,False,1.4912,4.7228,1.4726,-1.8251,-1.2589,0.3066,0.0000,0.0000,0.0000,0.0000,-0.0000,0.0000,0.3416,-0.1763,0.5983,0.3930,nan,nan,nan,0.0000,0.0000,0.0000,False,0.0157,-0.0146,-0.0282,-0.0364,-0.0364,-0.0220,2.0292,grasp,nan,nan,nan,0.0000,0.0000,0.0000,False,,0.0500,0.0000,True,0.8020,-0.2600,0.0100,1.3678
29,0.0,nan,nan,False,False,False,1.4875,4.7264,1.4727,-1.8256,-1.2631,0.3094,-0.1853,0.1831,0.0193,-0.0084,-0.1861,0.1423,0.3086,-0.1756,0.5990,0.3920,nan,nan,nan,0.0000,0.0000,0.0000,False,-0.0682,0.0673,0.0069,-0.0035,-0.0690,0.0523,-1.5702,grasp,nan,nan,nan,0.0000,0.0000,0.0000,False,,0.0500,0.0000,False,0.8020,-0.2600,0.0100,1.3678
30,0.0,nan,nan,False,False,False,1.4854,4.7287,1.4722,-1.8251,-1.2656,0.3106,0.0402,-0.0867,-0.0753,0.0595,-0.0133,-0.0551,0.3375,-0.1708,0.6011,0.3884,nan,nan,nan,0.0000,0.0000,0.0000,False,0.0363,-0.0774,-0.0751,0.0594,-0.0156,-0.0533,3.0961,grasp,nan,nan,nan,0.0000,0.0000,0.0000,False,,0.0500,0.0000,True,0.8020,-0.2600,0.0100,1.3678
31,0.0,0.1239,nan,False,False,False,1.4854,4.7287,1.4722,-1.8251,-1.2656,0.3106,0.0402,-0.0867,-0.0753,0.0595,-0.0133,-0.0551,0.3375,-0.1708,0.6011,0.3884,-0.1319,0.6328,0.5016,0.0000,0.0000,0.0000,False,0.0110,0.0504,0.0538,-0.0362,-0.0237,-0.0454,0.9280,grasp,-0.1319,0.6328,0.5016,0.0000,0.0000,0.0000,False,,0.0500,0.0000,True,0.8020,-0.2600,0.0100,1.3678
32,0.0,0.1239,-0.0333,False,False,False,1.4868,4.7247,1.4728,-1.8220,-1.2646,0.3075,0.0404,-0.1462,0.1314,0.1333,0.0830,-0.1350,0.3303,-0.1708,0.6011,0.3884,-0.1319,0.6328,0.5016,0.0000,0.0000,0.0000,False,0.0220,-0.0798,0.0677,0.0713,0.0434,-0.0721,-1.2689,grasp,-0.1319,0.6328,0.5016,0.0000,0.0000,0.0000,False,,0.0500,0.0000,False,0.8020,-0.2600,0.0100,1.3678
33,0.0,0.1237,-0.0123,False,False,False,1.4879,4.7222,1.4740,-1.8202,-1.2637,0.3064,0.0573,-0.0233,-0.0659,-0.0195,-0.0249,0.0756,0.3611,-0.1727,0.5975,0.3903,-0.1319,0.6328,0.5016,0.0000,0.0000,0.0000,False,0.0579,-0.0264,-0.0640,-0.0176,-0.0237,0.0737,1.0285,grasp,-0.1319,0.6328,0.5016,0.0000,0.0000,0.0000,False,,0.0500,0.0000,True,0.8020,-0.2600,0.0100,1.3678
34,0.0,0.1249,-0.0160,False,False,False,1.4882,4.7220,1.4727,-1.8213,-1.2634,0.3073,-0.0784,0.0258,-0.0032,-0.0717,0.0788,-0.0473,0.4209,-0.1741,0.5990,0.3890,-0.1319,0.6328,0.5016,0.0000,0.0000,0.0000,False,-0.0773,0.0248,-0.0045,-0.0721,0.0783,-0.0459,2.9255,grasp,-0.1319,0.6328,0.5016,0.0000,0.0000,0.0000,False,,0.0500,0.0000,True,0.8020,-0.2600,0.0100,1.3678
35,0.0,0.1249,-0.0150,False,False,False,1.4882,4.7220,1.4727,-1.8213,-1.2634,0.3073,-0.0784,0.0258,-0.0032,-0.0717,0.0788,-0.0473,0.4209,-0.1741,0.5990,0.3890,-0.1319,0.6328,0.5016,0.0000,0.0000,0.0000,False,0.0344,0.0768,-0.0206,-0.0522,-0.0531,-0.0759,0.3943,grasp,-0.1319,0.6328,0.5016,0.0000,0.0000,0.0000,False,,0.0500,0.0000,False,0.8020,-0.2600,0.0100,1.3678
36,0.0,0.1249,-0.0085,False,False,False,1.4874,4.7227,1.4731,-1.8229,-1.2618,0.3062,0.0755,0.0196,0.0374,-0.0176,0.0036,-0.0169,0.4216,-0.1741,0.5990,0.3890,-0.1319,0.6328,0.5016,0.0000,0.0000,0.0000,False,0.0737,0.0202,0.0373,-0.0189,0.0051,-0.0178,-0.5666,grasp,-0.1319,0.6328,0.5016,0.0000,0.0000,0.0000,False,,0.0500,0.0000,False,0.8020,-0.2600,0.0100,1.3678
37,0.0,0.1255,-0.0377,False,False,False,1.4925,4.7187,1.4736,-1.8250,-1.2594,0.3034,0.1727,-0.2162,-0.0089,-0.0882,0.1156,-0.1206,0.4123,-0.1749,0.5993,0.3885,-0.1319,0.6328,0.5016,0.0000,0.0000,0.0000,False,0.0652,-0.0791,-0.0026,-0.0329,0.0427,-0.0448,0.0978,grasp,-0.1319,0.6328,0.5016,0.0000,0.0000,0.0000,False,,0.0500,0.0000,False,0.8020,-0.2600,0.0100,1.3678
38,0.0,0.1224,0.0007,False,False,False,1.4948,4.7153,1.4735,-1.8261,-1.2579,0.3019,-0.0000,0.0000,0.0000,0.0000,-0.0000,0.0000,0.3923,-0.1794,0.5970,0.3946,-0.1319,0.6328,0.5016,0.0000,0.0000,0.0000,False,-0.0092,0.0499,-0.0394,0.0746,0.0236,-0.0224,-1.5496,grasp,-0.1319,0.6328,0.5016,0.0000,0.0000,0.0000,False,,0.0500,0.0000,False,0.8020,-0.2600,0.0100,1.3678
39,0.0,0.1224,-0.0037,False,False,False,1.4948,4.7153,1.4735,-1.8261,-1.2579,0.3019,-0.0000,0.0000,0.0000,0.0000,-0.0000,0.0000,0.3923,-0.1794,0.5970,0.3946,-0.1319,0.6328,0.5016,0.0000,0.0000,0.0000,False,-0.0049,0.0724,0.0693,0.0235,-0.0597,-0.0443,0.6913,grasp,-0.1319,0.6328,0.5016,0.0000,0.0000,0.0000,False,,0.0500,0.0000,False,0.8020,-0.2600,0.0100,1.3678
40,0.0,0.1224,-0.0117,False,False,False,1.4949,4.7166,1.4728,-1.8250,-1.2577,0.3024,0.0287,0.0634,-0.0291,0.0385,-0.0005,0.0728,0.4121,-0.1794,0.5970,0.3946,-0.1319,0.6328,0.5016,0.0000,0.0000,0.0000,False,0.0286,0.0640,-0.0295,0.0392,-0.0003,0.0726,1.4109,grasp,-0.1319,0.6328,0.5016,0.0000,0.0000,0.0000,False,,0.0500,0.0000,True,0.8020,-0.2600,0.0100,1.3678
41,0.0,0.1241,-0.0297,False,False,False,1.4939,4.7194,1.4739,-1.8221,-1.2565,0.3032,-0.1059,0.1030,0.1077,0.1411,0.0796,-0.0405,0.4058,-0.1801,0.5975,0.3928,-0.1319,0.6328,0.5016,0.0000,0.0000,0.0000,False,-0.0552,0.0555,0.0562,0.0750,0.0419,-0.0199,-0.4399,grasp,-0.1319,0.6328,0.5016,0.0000,0.0000,0.0000,False,,0.0500,0.0000,False,0.8020,-0.2600,0.0100,1.3678
42,0.0,0.1257,-0.0165,False,False,False,1.4918,4.7208,1.4751,-1.8197,-1.2560,0.3024,-0.0550,-0.0478,-0.0364,0.0443,-0.0703,-0.0194,0.3597,-0.1779,0.5966,0.3904,-0.1319,0.6328,0.5016,0.0000,0.0000,0.0000,False,-0.0565,-0.0413,-0.0348,0.0463,-0.0692,-0.0200,-2.6299,grasp,-0.1319,0.6328,0.5016,0.0000,0.0000,0.0000,False,,0.0500,0.0000,False,0.8020,-0.2600,0.0100,1.3678
43,0.0,0.1257,-0.0121,False,False,False,1.4918,4.7208,1.4751,-1.8197,-1.2560,0.3024,-0.0550,-0.0478,-0.0364,0.0443,-0.0703,-0.0194,0.3597,-0.1779,0.5966,0.3904,-0.1319,0.6328,0.5016,0.0000,0.0000,0.0000,False,-0.0725,0.0338,-0.0231,0.0036,0.0023,-0.0063,-0.3643,grasp,-0.1319,0.6328,0.5016,0.0000,0.0000,0.0000,False,,0.0500,0.0000,False,0.8020,-0.2600,0.0100,1.3678
44,0.0,0.1257,-0.0109,False,False,False,1.4908,4.7207,1.4742,-1.8184,-1.2577,0.3016,0.0034,0.0754,-0.0150,0.0403,-0.0343,-0.0409,0.3796,-0.1779,0.5966,0.3904,-0.1319,0.6328,0.5016,0.0000,0.0000,0.0000,False,0.0023,0.0742,-0.0157,0.0411,-0.0356,-0.0413,3.0799,grasp,-0.1319,0.6328,0.5016,0.0000,0.0000,0.0000,False,,0.0500,0.0000,True,0.8020,-0.2600,0.0100,1.3678
45,0.0,0.1273,-0.0348,False,False,False,1.4882,4.7222,1.4699,-1.8171,-1.2627,0.2996,-0.1277,-0.0012,-0.1947,0.0292,-0.2115,-0.0609,0.4796,-0.1772,0.5975,0.3880,-0.1319,0.6328,0.5016,0.0000,0.0000,0.0000,False,-0.0471,0.0014,-0.0721,0.0115,-0.0787,-0.0233,-1.7158,grasp,-0.1319,0.6328,0.5016,0.0000,0.0000,0.0000,False,,0.0500,0.0000,False,0.8020,-0.2600,0.0100,1.3678
46,0.0,0.1239,0.0008,False,False,False,1.4865,4.7222,1.4674,-1.8167,-1.2654,0.2988,-0.0000,0.0000,0.0000,0.0000,-0.0000,0.0000,0.4933,-0.1730,0.6000,0.3894,-0.1319,0.6328,0.5016,0.0000,0.0000,0.0000,False,0.0423,0.0073,0.0435,0.0126,-0.0155,0.0206,0.2137,grasp,-0.1319,0.6328,0.5016,0.0000,0.0000,0.0000,False,,0.0500,0.0000,False,0.8020,-0.2600,0.0100,1.3678
47,0.0,nan,nan,False,False,False,1.4865,4.7222,1.4674,-1.8167,-1.2654,0.2988,-0.0000,0.0000,0.0000,0.0000,-0.0000,0.0000,0.4933,-0.1730,0.6000,0.3894,nan,nan,nan,0.0000,0.0000,0.0000,False,0.0615,-0.0126,-0.0188,-0.0764,-0.0263,0.0547,2.0145,grasp,nan,nan,nan,0.0000,0.0000,0.0000,False,,0.0500,0.0000,True,0.8020,-0.2600,0.0100,1.3678
48,0.0,nan,nan,False,False,False,1.4875,4.7230,1.4684,-1.8164,-1.2649,0.2988,0.0537,0.0751,0.0595,0.0150,0.0665,-0.0266,0.5260,-0.1730,0.6000,0.3894,nan,nan,nan,0.0000,0.0000,0.0000,False,0.0542,0.0752,0.0600,0.0151,0.0663,-0.0264,2.8980,grasp,nan,nan,nan,0.0000,0.0000,0.0000,False,,0.0500,0.0000,True,0.8020,-0.2600,0.0100,1.3678
49,0.0,nan,nan,False,False,False,1.4914,4.7208,1.4678,-1.8123,-1.2623,0.2976,0.1387,-0.1875,-0.0874,0.1840,0.0657,-0.0315,0.5649,-0.1751,0.6000,0.3856,nan,nan,nan,0.0000,0.0000,0.0000,False,0.0522,-0.0668,-0.0311,0.0682,0.0255,-0.0121,1.2372,grasp,nan,nan,nan,0.0000,0.0000,0.0000,False,,0.0500,0.0000,False,0.8020,-0.2600,0.0100,1.3678
50,0.0,nan,nan,False,False,False,1.4932,4.7179,1.4667,-1.8100,-1.2614,0.2972,0.0000,0.0000,0.0000,0.0000,-0.0000,0.0000,0.5708,-0.1787,0.5968,0.3902,nan,nan,nan,0.0000,0.0000,0.0000,False,-0.0362,-0.0515,0.0415,0.0688,0.0232,-0.0430,1.8054,grasp,nan,nan,nan,0.0000,0.0000,0.0000,False,,0.0500,0.0000,False,0.8020,-0.2600,0.0100,1.3678
51,0.0,0.5693,nan,False,False,False,1.4932,4.7179,1.4667,-1.8100,-1.2614,0.2972,0.0000,0.0000,0.0000,0.0000,-0.0000,0.0000,0.5708,-0.1787,0.5968,0.3902,-0.5820,0.7266,0.0100,0.0000,0.0000,0.0000,False,0.0064,-0.0223,-0.0169,0.0068,0.0223,-0.0187,1.8003,grasp,-0.5820,0.7266,0.0100,0.0000,0.0000,0.0000,False,,0.0500,0.0000,False,0.8020,-0.2600,0.0100,1.3678
52,0.0,0.5693,-0.0181,False,False,False,1.4928,4.7181,1.4666,-1.8086,-1.2618,0.2976,-0.0011,0.0621,-0.0446,0.0713,-0.0567,0.0763,0.5546,-0.1787,0.5968,0.3902,-0.5820,0.7266,0.0100,0.0000,0.0000,0.0000,False,-0.0015,0.0617,-0.0441,0.0720,-0.0565,0.0759,0.4765,grasp,-0.5820,0.7266,0.0100,0.0000,0.0000,0.0000,False,,0.0500,0.0000,False,0.8020,-0.2600,0.0100,1.3678
53,0.0,0.5697,-0.0266,False,False,False,1.4972,4.7199,1.4675,-1.8051,-1.2640,0.3006,0.2141,0.0284,0.0811,0.1055,-0.0574,0.0779,0.4652,-0.1779,0.5965,0.3899,-0.5820,0.7266,0.0100,0.0000,0.0000,0.0000,False,0.0790,0.0118,0.0291,0.0403,-0.0222,0.0302,-1.4475,grasp,-0.5820,0.7266,0.0100,0.0000,0.0000,0.0000,False,,0.0500,0.0000,False,0.8020,-0.2600,0.0100,1.3678
54,0.0,0.5675,-0.0012,False,False,False,1.5001,4.7203,1.4685,-1.8037,-1.2648,0.3016,0.0000,0.0000,0.0000,0.0000,-0.0000,0.0000,0.4252,-0.1811,0.5933,0.3890,-0.5820,0.7266,0.0100,0.0000,0.0000,0.0000,False,0.0463,0.0467,0.0609,0.0183,0.0364,0.0287,-1.3401,grasp,-0.5820,0.7266,0.0100,0.0000,0.0000,0.0000,False,,0.0500,0.0000,False,0.8020,-0.2600,0.0100,1.3678
55,0.0,0.5675,-0.0023,False,False,False,1.5001,4.7203,1.4685,-1.8037,-1.2648,0.3016,0.0000,0.0000,0.0000,0.0000,-0.0000,0.0000,0.4252,-0.1811,0.5933,0.3890,-0.5820,0.7266,0.0100,0.0000,0.0000,0.0000,False,0.0517,0.0531,-0.0028,-0.0649,0.0181,0.0256,2.0912,grasp,-0.5820,0.7266,0.0100,0.0000,0.0000,0.0000,False,,0.0500,0.0000,True,0.8020,-0.2600,0.0100,1.3678
56,0.0,0.5675,-0.0187,False,False,False,1.5022,4.7164,1.4720,-1.8036,-1.2653,0.3002,0.0820,-0.2109,0.1369,-0.0029,-0.0425,-0.0820,0.3764,-0.1811,0.5933,0.3890,-0.5820,0.7266,0.0100,0.0000,0.0000,0.0000,False,0.0307,-0.0772,0.0511,-0.0009,-0.0153,-0.0300,-0.6232,grasp,-0.5820,0.7266,0.0100,0.0000,0.0000,0.0000,False,,0.0500,0.0000,False,0.8020,-0.2600,0.0100,1.3678
57,0.0,0.5685,-0.0110,False,False,False,1.5029,4.7133,1.4744,-1.8032,-1.2658,0.2998,-0.0413,-0.0160,0.0729,0.0452,-0.0019,0.0615,0.3742,-0.1819,0.5909,0.3905,-0.5820,0.7266,0.0100,0.0000,0.0000,0.0000,False,-0.0401,-0.0215,0.0746,0.0452,-0.0025,0.0605,-0.0887,grasp,-0.5820,0.7266,0.0100,0.0000,0.0000,0.0000,False,,0.0500,0.0000,False,0.8020,-0.2600,0.0100,1.3678
58,0.0,0.5685,-0.0222,False,False,False,1.5021,4.7130,1.4758,-1.8023,-1.2659,0.3009,-0.0783,-0.0332,0.1384,0.0859,-0.0037,0.1169,0.3757,-0.1819,0.5909,0.3905,-0.5820,0.7266,0.0100,0.0000,0.0000,0.0000,False,0.0259,0.0315,0.0523,0.0232,-0.0311,-0.0379,-1.5602,grasp,-0.5820,0.7266,0.0100,0.0000,0.0000,0.0000,False,,0.0500,0.0000,False,0.8020,-0.2600,0.0100,1.3678
59,0.0,0.5685,-0.0221,False,False,False,1.5021,4.7130,1.4758,-1.8023,-1.2659,0.3009,-0.0783,-0.0332,0.1384,0.0859,-0.0037,0.1169,0.3757,-0.1819,0.5909,0.3905,-0.5820,0.7266,0.0100,0.0000,0.0000,0.0000,False,0.0298,0.0633,-0.0039,0.0121,0.0583,0.0047,-2.3957,grasp,-0.5820,0.7266,0.0100,0.0000,0.0000,0.0000,False,,0.0500,0.0000,False,0.8020,-0.2600,0.0100,1.3678
60,0.0,0.5692,-0.0187,False,False,False,1.5024,4.7141,1.4739,-1.8025,-1.2647,0.3020,0.0214,0.0748,-0.1222,-0.0134,0.0770,0.0722,0.4031,-0.1816,0.5889,0.3905,-0.5820,0.7266,0.0100,0.0000,0.0000,0.0000,False,0.0112,0.0394,-0.0643,-0.0071,0.0405,0.0380,0.9715,grasp,-0.5820,0.7266,0.0100,0.0000,0.0000,0.0000,False,,0.0500,0.0000,False,0.8020,-0.2600,0.0100,1.3678
61,0.0,0.5674,-0.0419,False,False,False,1.5054,4.7191,1.4747,-1.7994,-1.2620,0.2998,0.1294,0.1882,0.1216,0.1607,0.0763,-0.1578,0.4280,-0.1831,0.5907,0.3899,-0.5820,0.7266,0.0100,0.0000,0.0000,0.0000,False,0.0481,0.0704,0.0431,0.0591,0.0292,-0.0572,0.4120,grasp,-0.5820,0.7266,0.0100,0.0000,0.0000,0.0000,False,,0.0500,0.0000,False,0.8020,-0.2600,0.0100,1.3678
62,0.0,0.5674,-0.0532,False,False,False,1.5070,4.7215,1.4763,-1.7974,-1.2611,0.2978,0.1642,0.2387,0.1543,0.2039,0.0968,-0.2003,0.4304,-0.1831,0.5907,0.3899,-0.5820,0.7266,0.0100,0.0000,0.0000,0.0000,False,-0.0207,0.0703,-0.0677,-0.0132,-0.0762,0.0236,1.4631,grasp,-0.5820,0.7266,0.0100,0.0000,0.0000,0.0000,False,,0.0500,0.0000,True,0.8020,-0.2600,0.0100,1.3678
63,0.0,0.5674,-0.0532,False,False,False,1.5070,4.7215,1.4763,-1.7974,-1.2611,0.2978,0.1642,0.2387,0.1543,0.2039,0.0968,-0.2003,0.4304,-0.1831,0.5907,0.3899,-0.5820,0.7266,0.0100,0.0000,0.0000,0.0000,False,-0.0725,0.0489,0.0468,0.0430,0.0684,-0.0163,-1.8068,grasp,-0.5820,0.7266,0.0100,0.0000,0.0000,0.0000,False,,0.0500,0.0000,False,0.8020,-0.2600,0.0100,1.3678
64,0.0,0.5600,-0.0155,False,False,False,1.5063,4.7203,1.4774,-1.7967,-1.2616,0.2959,-0.0506,-0.1192,0.0695,0.0455,-0.0351,-0.1269,0.3860,-0.1866,0.5895,0.3821,-0.5820,0.7266,0.0100,0.0000,0.0000,0.0000,False,-0.0266,-0.0621,0.0366,0.0239,-0.0185,-0.0668,-2.5403,grasp,-0.5820,0.7266,0.0100,0.0000,0.0000,0.0000,False,,0.0500,0.0000,False,0.8020,-0.2600,0.0100,1.3678
65,0.0,0.5641,-0.0401,False,False,False,1.5099,4.7167,1.4802,-1.7932,-1.2660,0.2935,0.2112,-0.0879,0.0851,0.1352,-0.1902,-0.0253,0.2903,-0.1847,0.5873,0.3854,-0.5820,0.7266,0.0100,0.0000,0.0000,0.0000,False,0.0772,-0.0343,0.0324,0.0505,-0.0707,-0.0111,-2.0561,grasp,-0.5820,0.7266,0.0100,0.0000,0.0000,0.0000,False,,0.0500,0.0000,False,0.8020,-0.2600,0.0100,1.3678
66,0.0,0.5641,-0.0485,False,False,False,1.5126,4.7156,1.4812,-1.7915,-1.2684,0.2932,0.2680,-0.1117,0.1080,0.1716,-0.2413,-0.0321,0.2751,-0.1847,0.5873,0.3854,-0.5820,0.7266,0.0100,0.0000,0.0000,0.0000,False,0.0587,0.0767,0.0099,0.0399,-0.0462,0.0216,1.9664,grasp,-0.5820,0.7266,0.0100,0.0000,0.0000,0.0000,False,,0.0500,0.0000,True,0.8020,-0.2600,0.0100,1.3678
67,0.0,1.3242,-5.8065,True,False,False,1.5126,4.7156,1.4812,-1.7915,-1.2684,0.2932,0.2680,-0.1117,0.1080,0.1716,-0.2413,-0.0321,0.2751,-0.1847,0.5873,0.3854,-0.5656,1.0441,-0.7978,0.0000,0.0000,0.0000,False,-0.0687,0.0536,0.0710,0.0409,-0.0440,0.0310,-1.0288,grasp,-0.5656,1.0441,-0.7978,0.0000,0.0000,0.0000,False,,0.0500,0.0000,False,0.8020,-0.2600,0.0100,1.3678
68,0.0,0.1518,-0.0623,False,False,False,1.7888,4.7163,1.7720,-1.8792,-1.4430,0.1368,0.0687,0.1756,0.1739,0.1818,-0.1966,-0.1440,0.0422,-0.2765,0.4665,0.2487,-0.2606,0.5580,0.3687,0.0000,0.0000,0.0000,False,0.0336,0.0644,0.0706,0.0651,-0.0754,-0.0562,-2.1801,grasp,-0.2606,0.5580,0.3687,0.0000,0.0000,0.0000,False,,0.0500,0.0000,False,0.8020,-0.2600,0.0100,1.3881
69,0.0,0.1518,-0.0488,False,False,False,1.7888,4.7163,1.7720,-1.8792,-1.4430,0.1368,0.0687,0.1756,0.1739,0.1818,-0.1966,-0.1440,0.0422,-0.2765,0.4665,0.2487,-0.2606,0.5580,0.3687,0.0000,0.0000,0.0000,False,-0.0530,-0.0218,0.0015,-0.0698,0.0141,-0.0016,2.3001,grasp,-0.2606,0.5580,0.3687,0.0000,0.0000,0.0000,False,,0.0500,0.0000,True,0.8020,-0.2600,0.0100,1.3881
70,0.0,0.1244,-0.0196,False,False,False,1.7888,4.7163,1.7720,-1.8792,-1.4430,0.1368,0.0687,0.1756,0.1739,0.1818,-0.1966,-0.1440,0.0422,-0.2765,0.4665,0.2487,-0.2830,0.5337,0.3532,0.0000,0.0000,0.0000,False,-0.0245,-0.0225,0.0710,0.0543,0.0174,-0.0664,-2.2925,grasp,-0.2830,0.5337,0.3532,0.0000,0.0000,0.0000,False,,0.0500,0.0000,False,0.8020,-0.2600,0.0100,1.3881
71,0.0,0.1352,-0.0283,False,False,False,1.7890,4.7191,1.7727,-1.8769,-1.4463,0.1329,-0.0429,0.0077,-0.1179,0.0005,-0.0567,-0.1345,0.1102,-0.2756,0.4635,0.2379,-0.2830,0.5337,0.3532,0.0000,0.0000,0.0000,False,-0.0217,0.0088,-0.0588,0.0026,-0.0323,-0.0726,3.1291,grasp,-0.2830,0.5337,0.3532,0.0000,0.0000,0.0000,False,,0.0500,0.0000,True,0.8020,-0.2600,0.0100,1.3881
72,0.0,0.1349,-0.0142,False,False,False,1.7882,4.7223,1.7691,-1.8765,-1.4473,0.1308,-0.0074,0.1484,-0.0904,0.0191,-0.0069,-0.0109,0.0900,-0.2752,0.4654,0.2371,-0.2830,0.5337,0.3532,0.0000,0.0000,0.0000,False,-0.0033,0.0549,-0.0350,0.0070,-0.0034,-0.0059,-3.0743,grasp,-0.2830,0.5337,0.3532,0.0000,0.0000,0.0000,False,,0.0500,0.0000,False,0.8020,-0.2600,0.0100,1.3881
73,0.0,0.1349,-0.0173,False,False,False,1.7881,4.7242,1.7680,-1.8763,-1.4474,0.1307,-0.0094,0.1883,-0.1147,0.0242,-0.0088,-0.0138,0.0818,-0.2752,0.4654,0.2371,-0.2830,0.5337,0.3532,0.0000,0.0000,0.0000,False,-0.0635,-0.0280,-0.0401,-0.0698,0.0424,-0.0633,2.3463,grasp,-0.2830,0.5337,0.3532,0.0000,0.0000,0.0000,False,,0.0500,0.0000,True,0.8020,-0.2600,0.0100,1.3881
74,0.0,0.1264,-0.0103,False,False,False,1.7881,4.7242,1.7680,-1.8763,-1.4474,0.1307,-0.0094,0.1883,-0.1147,0.0242,-0.0088,-0.0138,0.0818,-0.2752,0.4654,0.2371,-0.2830,0.5328,0.3438,0.0000,0.0000,0.0000,False,0.0565,0.0617,-0.0715,-0.0435,0.0576,0.0018,-1.4306,grasp,-0.2830,0.5328,0.3438,0.0000,0.0000,0.0000,False,,0.0500,0.0000,False,0.8020,-0.2600,0.0100,1.3881
75,0.0,0.1261,-0.0026,False,False,False,1.7882,4.7258,1.7666,-1.8754,-1.4469,0.1308,0.0141,-0.0833,-0.0033,0.0589,0.0552,0.0332,0.1145,-0.2752,0.4672,0.2364,-0.2830,0.5328,0.3438,0.0000,0.0000,0.0000,False,0.0140,-0.0791,-0.0046,0.0592,0.0551,0.0331,-0.3793,grasp,-0.2830,0.5328,0.3438,0.0000,0.0000,0.0000,False,,0.0500,0.0000,False,0.8020,-0.2600,0.0100,1.3881
76,0.0,0.1300,-0.0301,False,False,False,1.7880,4.7264,1.7669,-1.8721,-1.4449,0.1331,-0.0288,0.1467,0.0267,0.1435,0.0639,0.1080,0.1582,-0.2761,0.4661,0.2325,-0.2830,0.5328,0.3438,0.0000,0.0000,0.0000,False,-0.0149,0.0752,0.0140,0.0766,0.0347,0.0575,-1.4507,grasp,-0.2830,0.5328,0.3438,0.0000,0.0000,0.0000,False,,0.0500,0.0000,False,0.8020,-0.2600,0.0100,1.3881
77,0.0,0.1300,-0.0139,False,False,False,1.7880,4.7290,1.7667,-1.8695,-1.4433,0.1343,0.0401,0.0123,-0.0622,0.0478,0.0678,-0.0297,0.1512,-0.2761,0.4661,0.2325,-0.2830,0.5328,0.3438,0.0000,0.0000,0.0000,False,0.0397,0.0182,-0.0619,0.0499,0.0687,-0.0282,-2.3788,grasp,-0.2830,0.5328,0.3438,0.0000,0.0000,0.0000,False,,0.0500,0.0000,False,0.8020,-0.2600,0.0100,1.3881
78,0.0,0.1300,-0.0118,False,False,False,1.7880,4.7290,1.7667,-1.8695,-1.4433,0.1343,0.0401,0.0123,-0.0622,0.0478,0.0678,-0.0297,0.1512,-0.2761,0.4661,0.2325,-0.2830,0.5328,0.3438,0.0000,0.0000,0.0000,False,-0.0528,0.0733,0.0054,-0.0406,0.0730,-0.0265,-1.4903,grasp,-0.2830,0.5328,0.3438,0.0000,0.0000,0.0000,False,,0.0500,0.0000,False,0.8020,-0.2600,0.0100,1.3881
79,0.0,0.1294,-0.0109,False,False,False,1.7880,4.7290,1.7667,-1.8695,-1.4433,0.1343,0.0401,0.0123,-0.0622,0.0478,0.0678,-0.0297,0.1512,-0.2761,0.4661,0.2325,-0.2826,0.5307,0.3445,0.0000,0.0000,0.0000,False,-0.0058,-0.0151,0.0793,0.0061,0.0444,0.0139,2.1213,grasp,-0.2826,0.5307,0.3445,0.0000,0.0000,0.0000,False,,0.0500,0.0000,True,0.8020,-0.2600,0.0100,1.3881
80,0.0,0.1309,-0.0798,False,False,False,1.7989,4.7388,1.7723,-1.8606,-1.4478,0.1427,0.3152,0.2956,0.2125,0.2495,-0.1782,0.2788,0.2629,-0.2772,0.4655,0.2310,-0.2826,0.5307,0.3445,0.0000,0.0000,0.0000,False,0.0777,0.0724,0.0507,0.0618,-0.0422,0.0675,1.3621,grasp,-0.2826,0.5307,0.3445,0.0000,0.0000,0.0000,False,,0.0500,0.0000,True,0.8020,-0.2600,0.0100,1.3881
81,0.0,0.1461,-0.0256,False,False,False,1.8031,4.7425,1.7751,-1.8578,-1.4501,0.1456,0.0369,-0.0600,-0.0030,-0.0044,-0.0299,-0.0360,0.3225,-0.2800,0.4592,0.2171,-0.2826,0.5307,0.3445,0.0000,0.0000,0.0000,False,0.0431,-0.0471,0.0032,-0.0014,-0.0320,-0.0328,-0.1187,grasp,-0.2826,0.5307,0.3445,0.0000,0.0000,0.0000,False,,0.0500,0.0000,False,0.8020,-0.2600,0.0100,1.3881
82,0.0,0.1461,-0.0065,False,False,False,1.8031,4.7425,1.7751,-1.8578,-1.4501,0.1456,0.0369,-0.0600,-0.0030,-0.0044,-0.0299,-0.0360,0.3225,-0.2800,0.4592,0.2171,-0.2826,0.5307,0.3445,0.0000,0.0000,0.0000,False,0.0783,-0.0528,-0.0196,-0.0009,-0.0189,-0.0140,-0.8738,grasp,-0.2826,0.5307,0.3445,0.0000,0.0000,0.0000,False,,0.0500,0.0000,False,0.8020,-0.2600,0.0100,1.3881
83,0.0,0.1461,-0.0092,False,False,False,1.8031,4.7425,1.7751,-1.8578,-1.4501,0.1456,0.0369,-0.0600,-0.0030,-0.0044,-0.0299,-0.0360,0.3225,-0.2800,0.4592,0.2171,-0.2826,0.5307,0.3445,0.0000,0.0000,0.0000,False,0.0196,0.0409,0.0694,0.0493,0.0723,0.0115,1.3672,grasp,-0.2826,0.5307,0.3445,0.0000,0.0000,0.0000,False,,0.0500,0.0000,True,0.8020,-0.2600,0.0100,1.3881
84,0.0,0.1534,-0.0287,False,False,False,1.8033,4.7392,1.7762,-1.8594,-1.4522,0.1451,-0.0331,-0.1480,0.0737,-0.1011,-0.1006,0.0123,0.4025,-0.2816,0.4565,0.2102,-0.2826,0.5307,0.3445,0.0000,0.0000,0.0000,False,-0.0167,-0.0791,0.0388,-0.0533,-0.0535,0.0058,-2.3581,grasp,-0.2826,0.5307,0.3445,0.0000,0.0000,0.0000,False,,0.0500,0.0000,False,0.8020,-0.2600,0.0100,1.3881
85,0.0,0.1542,-0.0450,False,False,False,1.7987,4.7391,1.7829,-1.8579,-1.4502,0.1400,-0.1566,0.0798,0.2149,0.1125,0.1291,-0.1988,0.4851,-0.2804,0.4566,0.2092,-0.2826,0.5307,0.3445,0.0000,0.0000,0.0000,False,-0.0460,0.0209,0.0635,0.0313,0.0361,-0.0576,2.0480,grasp,-0.2826,0.5307,0.3445,0.0000,0.0000,0.0000,False,,0.0500,0.0000,True,0.8020,-0.2600,0.0100,1.3881
86,0.0,0.1542,-0.0452,False,False,False,1.7987,4.7391,1.7829,-1.8579,-1.4502,0.1400,-0.1566,0.0798,0.2149,0.1125,0.1291,-0.1988,0.4851,-0.2804,0.4566,0.2092,-0.2826,0.5307,0.3445,0.0000,0.0000,0.0000,False,-0.0521,-0.0704,0.0080,0.0707,0.0591,-0.0395,2.8374,grasp,-0.2826,0.5307,0.3445,0.0000,0.0000,0.0000,False,,0.0500,0.0000,True,0.8020,-0.2600,0.0100,1.3881
87,0.0,0.1542,-0.0435,False,False,False,1.7987,4.7391,1.7829,-1.8579,-1.4502,0.1400,-0.1566,0.0798,0.2149,0.1125,0.1291,-0.1988,0.4851,-0.2804,0.4566,0.2092,-0.2826,0.5307,0.3445,0.0000,0.0000,0.0000,False,-0.0405,0.0456,-0.0070,-0.0276,-0.0592,0.0186,2.6546,grasp,-0.2826,0.5307,0.3445,0.0000,0.0000,0.0000,False,,0.0500,0.0000,True,0.8020,-0.2600,0.0100,1.3881
88,0.0,0.1617,-0.0194,False,False,False,1.7963,4.7404,1.7850,-1.8563,-1.4480,0.1376,-0.0542,0.0091,-0.0609,0.0242,0.0705,-0.0093,0.4627,-0.2784,0.4541,0.2022,-0.2826,0.5307,0.3445,0.0000,0.0000,0.0000,False,-0.0563,0.0127,-0.0571,0.0255,0.0721,-0.0116,-1.2394,grasp,-0.2826,0.5307,0.3445,0.0000,0.0000,0.0000,False,,0.0500,0.0000,False,0.8020,-0.2600,0.0100,1.3881
89,0.0,0.1604,-0.0683,False,False,False,1.8024,4.7486,1.7744,-1.8605,-1.4385,0.1450,0.2211,0.2495,-0.2943,-0.1454,0.2541,0.2375,0.5627,-0.2799,0.4554,0.2028,-0.2826,0.5307,0.3445,0.0000,0.0000,0.0000,False,0.0530,0.0611,-0.0730,-0.0351,0.0634,0.0578,2.6239,grasp,-0.2826,0.5307,0.3445,0.0000,0.0000,0.0000,False,,0.0500,0.0000,True,0.8020,-0.2600,0.0100,1.3881
90,0.0,0.1604,-0.0685,False,False,False,1.8024,4.7486,1.7744,-1.8605,-1.4385,0.1450,0.2211,0.2495,-0.2943,-0.1454,0.2541,0.2375,0.5627,-0.2799,0.4554,0.2028,-0.2826,0.5307,0.3445,0.0000,0.0000,0.0000,False,0.0525,0.0454,-0.0347,0.0554,0.0325,0.0434,-1.5357,grasp,-0.2826,0.5307,0.3445,0.0000,0.0000,0.0000,False,,0.0500,0.0000,False,0.8020,-0.2600,0.0100,1.3881
91,0.0,0.1604,-0.0702,False,False,False,1.8024,4.7486,1.7744,-1.8605,-1.4385,0.1450,0.2211,0.2495,-0.2943,-0.1454,0.2541,0.2375,0.5627,-0.2799,0.4554,0.2028,-0.2826,0.5307,0.3445,0.0000,0.0000,0.0000,False,0.0379,0.0239,0.0311,0.0221,0.0320,-0.0186,0.0581,grasp,-0.2826,0.5307,0.3445,0.0000,0.0000,0.0000,False,,0.0500,0.0000,False,0.8020,-0.2600,0.0100,1.3881
92,0.0,0.1587,-0.0140,False,False,False,1.8050,4.7508,1.7707,-1.8615,-1.4363,0.1481,0.0077,-0.0773,-0.0291,0.0704,-0.0748,0.0356,0.5537,-0.2878,0.4584,0.2033,-0.2826,0.5307,0.3445,0.0000,0.0000,0.0000,False,0.0107,-0.0737,-0.0325,0.0687,-0.0719,0.0383,0.1590,grasp,-0.2826,0.5307,0.3445,0.0000,0.0000,0.0000,False,,0.0500,0.0000,False,0.8020,-0.2600,0.0100,1.3881
93,0.0,0.1598,-0.0503,False,False,False,1.8006,4.7555,1.7761,-1.8541,-1.4343,0.1558,-0.1733,0.2388,0.2251,0.2285,0.1332,0.2690,0.5683,-0.2866,0.4573,0.2026,-0.2826,0.5307,0.3445,0.0000,0.0000,0.0000,False,-0.0502,0.0677,0.0649,0.0678,0.0373,0.0789,1.6383,grasp,-0.2826,0.5307,0.3445,0.0000,0.0000,0.0000,False,,0.0500,0.0000,False,0.8020,-0.2600,0.0100,1.3881
94,0.0,0.1598,-0.0745,False,False,False,1.7986,4.7583,1.7788,-1.8514,-1.4327,0.1590,-0.2064,0.2840,0.2681,0.2721,0.1587,0.3204,0.5723,-0.2866,0.4573,0.2026,-0.2826,0.5307,0.3445,0.0000,0.0000,0.0000,False,-0.0338,-0.0243,-0.0617,0.0776,-0.0306,-0.0776,2.9982,grasp,-0.2826,0.5307,0.3445,0.0000,0.0000,0.0000,False,,0.0500,0.0000,True,0.8020,-0.2600,0.0100,1.3881
95,0.0,0.1598,-0.0761,False,False,False,1.7986,4.7583,1.7788,-1.8514,-1.4327,0.1590,-0.2064,0.2840,0.2681,0.2721,0.1587,0.3204,0.5723,-0.2866,0.4573,0.2026,-0.2826,0.5307,0.3445,0.0000,0.0000,0.0000,False,-0.0009,-0.0696,-0.0050,0.0480,-0.0109,-0.0354,1.4113,grasp,-0.2826,0.5307,0.3445,0.0000,0.0000,0.0000,False,,0.0500,0.0000,False,0.8020,-0.2600,0.0100,1.3881
96,0.0,0.1690,-0.0221,False,False,False,1.7992,4.7592,1.7781,-1.8513,-1.4332,0.1590,0.0748,-0.0414,-0.0795,0.0117,-0.0493,-0.0071,0.6323,-0.2844,0.4542,0.1937,-0.2826,0.5307,0.3445,0.0000,0.0000,0.0000,False,0.0747,-0.0402,-0.0794,0.0117,-0.0493,-0.0071,-1.3574,grasp,-0.2826,0.5307,0.3445,0.0000,0.0000,0.0000,False,,0.0500,0.0000,False,0.8020,-0.2600,0.0100,1.3881
97,0.0,0.1689,-0.0317,False,False,False,1.8018,4.7569,1.7785,-1.8488,-1.4332,0.1575,0.0725,-0.0951,0.1251,0.1510,0.0560,-0.0843,0.6525,-0.2856,0.4526,0.1947,-0.2826,0.5307,0.3445,0.0000,0.0000,0.0000,False,0.0396,-0.0512,0.0643,0.0797,0.0285,-0.0445,1.9431,grasp,-0.2826,0.5307,0.3445,0.0000,0.0000,0.0000,False,,0.0500,0.0000,False,0.8020,-0.2600,0.0100,1.3881
98,0.0,0.1689,-0.0123,False,False,False,1.8035,4.7558,1.7799,-1.8463,-1.4329,0.1568,0.0650,0.0257,-0.0409,0.0291,-0.0434,0.0459,0.6120,-0.2856,0.4526,0.1947,-0.2826,0.5307,0.3445,0.0000,0.0000,0.0000,False,0.0664,0.0243,-0.0391,0.0312,-0.0426,0.0447,-2.6612,grasp,-0.2826,0.5307,0.3445,0.0000,0.0000,0.0000,False,,0.0500,0.0000,False,0.8020,-0.2600,0.0100,1.3881
99,0.0,0.1689,-0.0110,False,False,False,1.8035,4.7558,1.7799,-1.8463,-1.4329,0.1568,0.0650,0.0257,-0.0409,0.0291,-0.0434,0.0459,0.6120,-0.2856,0.4526,0.1947,-0.2826,0.5307,0.3445,0.0000,0.0000,0.0000,False,-0.0729,0.0059,-0.0090,0.0770,-0.0562,-0.0356,-1.8038,grasp,-0.2826,0.5307,0.3445,0.0000,0.0000,0.0000,False,,0.0500,0.0000,False,0.8020,-0.2600,0.0100,1.3881
100,0.0,0.1695,-0.0032,False,False,False,1.8047,4.7563,1.7791,-1.8458,-1.4337,0.1577,-0.0000,0.0000,0.0000,0.0000,-0.0000,0.0000,0.5720,-0.2865,0.4507,0.1951,-0.2826,0.5307,0.3445,0.0000,0.0000,0.0000,False,-0.0632,0.0350,0.0416,0.0317,0.0758,0.0297,-1.6580,grasp,-0.2826,0.5307,0.3445,0.0000,0.0000,0.0000,False,,0.0500,0.0000,False,0.8020,-0.2600,0.0100,1.3881
101,0.0,0.1695,-0.0250,False,False,False,1.8020,4.7573,1.7795,-1.8439,-1.4344,0.1561,-0.1376,0.0430,-0.0062,0.1048,-0.0938,-0.1238,0.4920,-0.2865,0.4507,0.1951,-0.2826,0.5307,0.3445,0.0000,0.0000,0.0000,False,-0.0731,0.0230,-0.0029,0.0555,-0.0486,-0.0649,-2.6333,grasp,-0.2826,0.5307,0.3445,0.0000,0.0000,0.0000,False,,0.0500,0.0000,False,0.8020,-0.2600,0.0100,1.3881
